ticker,name,category,score,price,year_high,off_high_pct,chg_1m,chg_3m,chg_6m,chg_1y,vol_ratio,as_of,tier_R0,tier_R1,tier_R2,tier_R4,tier_R5,tier_R6
PANW,"Palo Alto Networks, Inc.",A_VCP待突破,83.6,360.08,398.88,9.7,0.6,47.5,141.9,108.7,0.59,2026-08-21,E,A,A,B,A,A
CRWD,"CrowdStrike Holdings, Inc.",B_上升結構,74.3,191.69,227.5,15.7,-5.2,27.6,94.8,89.8,0.58,2026-08-21,A,A,A,B,B,B
NET,"Cloudflare, Inc.",B_上升結構,71.7,293.14,332.22,11.8,5.9,46.8,54.8,46.3,0.44,2026-08-21,B,B,B,B,B,B
DELL,Dell Technologies Inc.,B_上升結構,69.9,434.78,514,15.4,10.9,89.6,294.0,232.0,0.59,2026-08-21,B,B,B,B,B,B
SNOW,Snowflake Inc.,B_上升結構,68.5,325.58,341.95,4.8,21.1,98.2,84.9,64.2,0.52,2026-08-21,E,B,B,B,B,B
IOT,Samsara Inc.,B_上升結構,68.0,39.2,47.47,17.4,2.3,28.3,46.0,15.8,0.69,2026-08-20,B,B,B,B,B,B
ASML,ASML Holding N.V.,C_基底修復中,66.2,1750.31,1999.96,12.5,0.3,19.6,19.9,138.3,0.78,2026-08-20,A,A,A,C,C,C
AMZN,"Amazon.com, Inc.",A_VCP待突破,65.7,261.16,287.2,9.1,5.6,-1.4,27.3,12.7,0.64,2026-08-21,A,A,A,B,A,A
PCAR,PACCAR,A_VCP待突破,65.0,132.68,132.68,0.0,,,,,,2026-08-01,,,,,,A
REGN,Regeneron,A_VCP待突破,65.0,826.64,826.64,0.0,,,,,,2026-08-20,,,,,,A
BLFS,BioLife Solutions,A_VCP待突破,65.0,36.97,36.97,0.0,,,,,,2026-08-20,,,,,,A
ANGO,AngioDynamics,A_VCP待突破,64.9,15.7,15.73,0.2,,,,,,2026-08-07,,,,,,A
KO,Coca-Cola,A_VCP待突破,64.8,90.6,90.86,0.3,,,,,,2026-08-21,,,,,,A
PARR,Par Pacific,A_VCP待突破,64.7,86.03,86.47,0.5,,,,,,2026-08-21,,,,,,A
HPE,Hewlett Packard Enterprise Company,B_上升結構,64.6,53.09,64.25,17.4,16.8,64.1,153.8,152.8,0.64,2026-08-21,B,B,B,B,B,B
VRTX,Vertex Pharma,A_VCP待突破,64.5,550.81,555.31,0.8,,,,,,2026-08-21,,,,,,A
ETN,Eaton Corporation plc,B_上升結構,64.3,419.2,478,12.3,2.2,5.9,8.8,21.5,0.56,2026-08-21,B,A,A,B,B,B
LH,Labcorp,A_VCP待突破,64.3,332.83,332.83,0.0,0.68,,,,,2026-08-21,,,,,,A
AMD,"Advanced Micro Devices, Inc.",C_基底修復中,64.1,473.25,584.73,19.1,-4.5,12.8,139.8,172.8,0.7,2026-08-21,B,C,C,C,C,C
ABBV,AbbVie,A_VCP待突破,64.1,263.3,267.47,1.6,,,,,,2026-07-29,,,,,,A
NSC,Norfolk Southern,A_VCP待突破,63.7,350.72,358.6,2.2,,,,,,2026-08-21,,,,,,A
LLY,Eli Lilly,A_VCP待突破,63.7,1263.88,1292.65,2.2,,,,,,2026-08-21,,,,,,A
PBF,PBF Energy,A_VCP待突破,63.6,73.91,75.68,2.3,,,,,,2026-08-19,,,,,,A
UBSI,United Bankshares,A_VCP待突破,63.6,48.5,49.62,2.3,,,,,,2026-08-11,,,,,,A
JNJ,Johnson & Johnson,A_VCP待突破,63.4,267.37,274.9,2.7,,,,,,2026-08-20,,,,,,A
LOB,Live Oak Bancshares,A_VCP待突破,63.3,43.29,44.53,2.8,,,,,,2026-08-17,,,,,,A
TSM,Taiwan Semiconductor (ADR),C_基底修復中,63.2,412.09,479.0,14.0,3.4,5.7,24.8,101.2,0.51,2026-08-20,B,C,C,C,C,C
NVDA,NVIDIA Corporation,A_VCP待突破,63.1,214.72,236.54,9.2,6.1,-3.4,14.6,18.4,0.69,2026-08-21,A,B,B,B,A,A
ROST,Ross Stores,A_VCP待突破,62.9,248.0,257.0,3.5,,,,,,2026-08-21,,,,,,A
UNP,Union Pacific,A_VCP待突破,62.8,304.0,315.51,3.6,,,,,,2026-08-21,,,,,,A
CLDX,Celldex,A_VCP待突破,62.8,43.5,45.14,3.6,,,,,,2026-08-21,,,,,,A
TGT,Target,A_VCP待突破,62.7,155.86,161.98,3.8,,,,,,2026-08-21,,,,,,A
H,Hyatt Hotels,A_VCP待突破,62.6,180.98,188.5,4.0,,,,,,2026-08-21,,,,,,A
CVX,Chevron,A_VCP待突破,62.5,205.8,214.71,4.1,,,,,,2026-08-21,,,,,,A
RVMD,Revolution Medicines,A_VCP待突破,62.3,210.43,220.3,4.5,,,,,,2026-08-20,,,,,,A
MU,"Micron Technology, Inc.",C_基底修復中,62.2,974.33,1255,22.4,14.4,41.6,127.1,665.0,0.76,2026-08-21,C,C,C,C,C,C
MRK,Merck,A_VCP待突破,61.9,152.55,154.49,1.3,2.39,,,,,2026-08-21,,,,,,A
MDB,"MongoDB, Inc.",B_上升結構,61.7,427.09,473.1,9.7,37.4,30.0,18.0,89.7,0.58,2026-08-21,E,B,B,B,B,B
RPRX,Royalty Pharma,A_VCP待突破,61.3,61.73,62.1,0.6,3.3,,,,,2026-08-20,,,,,,A
MRVL,"Marvell Technology, Inc.",C_基底修復中,61.1,253.67,329.88,23.1,31.2,44.6,189.8,198.2,0.69,2026-08-21,D,D,D,C,C,C
LRCX,Lam Research Corporation,C_基底修復中,60.9,314.46,438.5,28.3,0.6,13.9,32.5,227.5,0.93,2026-08-21,C,C,C,C,C,C
PWR,"Quanta Services, Inc.",C_基底修復中,59.9,639.34,788.75,18.9,-0.9,-17.5,24.3,73.5,0.58,2026-08-21,C,C,C,C,C,C
GOOGL,Alphabet Inc.,C_基底修復中,59.8,344.82,408.61,15.6,-0.5,-13.1,13.7,69.3,0.62,2026-08-21,C,C,C,C,C,C
INTC,Intel Corp.,D_趨勢弱,59.7,90.06,142.35,36.7,-5.3,-17.6,105.7,301.6,0.94,2026-08-21,C,D,D,D,D,D
SBUX,Starbucks,A_VCP待突破,57.0,104.98,110.51,5.0,,,,,,2026-08-21,,,,,,A
BAC,Bank of America,A_VCP待突破,56.8,61.79,65.22,5.3,,,,,,2026-08-21,,,,,,A
ARM,Arm Holdings plc American Depositary Shares,D_趨勢弱,56.6,250.6,452.7,44.6,-6.3,16.7,98.0,78.5,0.66,2026-08-21,D,D,D,D,D,D
XOM,ExxonMobil,A_VCP待突破,56.5,165.98,176.41,5.9,,,,,,2026-08-21,,,,,,A
ALAB,"Astera Labs, Inc. Common Stock",D_趨勢弱,56.0,287.74,499.476,42.4,-4.8,36.0,129.5,58.1,0.85,2026-08-21,D,D,D,D,D,D
PNC,PNC Financial,A_VCP待突破,56.0,241.62,258.96,6.7,,,,,,2026-08-21,,,,,,A
DDOG,"Datadog, Inc.",D_趨勢弱,55.8,232.52,292.72,20.6,-10.4,12.3,96.5,85.1,0.65,2026-08-21,B,C,C,C,D,D
GWW,W.W. Grainger,A_VCP待突破,55.8,1321.38,1419.91,6.9,,,,,,2026-08-13,,,,,,A
MET,MetLife,A_VCP待突破,55.6,93.46,100.93,7.4,,,,,,2026-08-20,,,,,,A
RTX,RTX Corp,A_VCP待突破,55.5,210.02,226.88,7.4,,,,,,2026-08-21,,,,,,A
FLR,Fluor,A_VCP待突破,55.3,53.42,57.93,7.8,,,,,,2026-08-18,,,,,,A
CAH,Cardinal Health,A_VCP待突破,55.1,236.76,258.0,8.2,,,,,,2026-08-10,,,,,,A
OXY,Occidental,A_VCP待突破,54.8,61.64,67.45,8.6,,,,,,2026-08-21,,,,,,A
GILD,Gilead,A_VCP待突破,54.7,143.44,157.29,8.8,,,,,,2026-08-21,,,,,,A
HST,Host Hotels,A_VCP待突破,54.6,23.38,25.71,9.1,,,,,,2026-08-21,,,,,,A
NEM,Newmont,A_VCP待突破,53.8,128.05,134.88,5.1,3.18,,,,,2026-08-21,,,,,,A
GL,Globe Life,B_上升結構,52.1,171.46,191.55,10.5,-1.6,,,,,2026-08-19,,,,,,B
GS,Goldman Sachs,B_上升結構,52.0,1000,1153.99,13.3,,,,,,2026-08-21,,,,,,B
ANET,"Arista Networks, Inc.",B_上升結構,51.4,188.65,214.89,12.2,12.3,34.0,36.1,37.6,0.97,2026-08-21,B,B,B,B,B,B
FCX,Freeport-McMoRan,B_上升結構,51.3,76.09,77.33,1.6,7.71,,,,,2026-08-21,,,,,,B
AXON,"Axon Enterprise, Inc.",C_基底修復中,51.2,616.31,794.29,22.4,14.0,57.1,43.3,-18.0,0.38,2026-08-21,C,C,C,C,C,C
IOVA,Iovance,B_上升結構,51.2,7.99,9.36,14.6,,,,,,2026-08-19,,,,,,B
MAR,Marriott,B_上升結構,51.0,349.17,410.98,15.0,,,,,,2026-08-03,,,,,,B
XPO,XPO,B_上升結構,50.9,196.84,232.05,15.2,,,,,,2026-08-21,,,,,,B
HMY,Harmony Gold,B_上升結構,50.7,22.02,26.06,15.5,,,,,,2026-08-20,,,,,,B
GEV,GE Vernova Inc.,C_基底修復中,50.5,966.01,1195.94,19.2,-8.7,-8.1,23.1,61.5,0.54,2026-08-21,B,C,C,C,C,C
LITE,Lumentum Holdings Inc.,C_基底修復中,50.2,827.6,1085.68,23.8,13.9,-6.6,41.7,628.7,1.08,2026-08-21,B,B,C,C,C,C
NBIS,Nebius Group N.V.,C_基底修復中,50,223.91,299.86,25.3,25.4,6.5,163.5,267.9,1.53,2026-08-21,B,B,C,C,C,C
BE,Bloom Energy Corporation,D_趨勢弱,50,198.24,351.28,43.6,-18.4,-31.1,50.1,393.3,0.92,2026-08-21,D,D,D,D,D,D
LMT,Lockheed Martin,B_上升結構,49.6,571.95,692.0,17.3,,,,,,2026-08-21,,,,,,B
MRNA,Moderna,B_上升結構,49.2,145.0,176.66,17.9,,,,,,2026-08-21,,,,,,B
UFPT,UFP Technologies,B_上升結構,49.1,237.2,289.57,18.1,,,,,,2026-08-21,,,,,,B
JBL,Jabil Inc.,C_基底修復中,48.6,316.65,428.93,26.2,6.2,-6.3,23.7,50.7,0.68,2026-08-21,B,C,B,B,C,C
TPR,Tapestry,B_上升結構,48.2,132.26,164.8,19.7,,,,,,2026-08-18,,,,,,B
CAT,Caterpillar,C_基底修復中,47.1,842.19,1073.46,21.5,,,,,,2026-08-21,,,,,,C
COHR,"Coherent, Inc.",D_趨勢弱,46.9,287.47,440,34.7,4.2,-21.7,30.7,232.4,1.44,2026-08-21,C,D,D,D,D,D
DASH,DoorDash,C_基底修復中,46.8,222.86,285.5,21.9,,,,,,2026-08-21,,,,,,C
KLAC,KLA Corporation,D_趨勢弱,46.7,184.8,307.37,39.9,-13.6,5.7,26.4,115.3,0.92,2026-08-21,D,D,D,D,D,D
MSFT,Microsoft Corporation,C_基底修復中,46.5,483.24,553.72,12.7,22.7,14.1,20.9,-6.5,0.61,2026-08-21,C,C,C,C,C,C
PLTR,Palantir Technologies Inc.,C_基底修復中,45.9,173.96,207.52,16.2,31.1,28.4,28.2,0.1,0.62,2026-08-21,C,C,C,C,C,C
AMAT,"Applied Materials, Inc.",D_趨勢弱,45.8,496.21,739.67,32.9,-6.4,20.9,35.8,211.0,0.97,2026-08-21,D,D,D,D,D,D
LQDA,Liquidia,C_基底修復中,45.5,71.05,93.61,24.1,,,,,,2026-08-20,,,,,,C
ENVA,Enova International,E_突破延伸中,45.4,265.45,267.45,0.7,14.2,,,,,2026-08-14,,,,,,E
APLD,Applied Digital Corp.,D_趨勢弱,44.9,28.65,50.73,43.5,0.1,-34.1,-19.0,114.0,0.82,2026-08-21,D,D,D,D,D,D
VRT,Vertiv Holdings Co,D_趨勢弱,44.3,264.63,379.94,30.3,-13.7,-31.0,15.1,110.6,0.44,2026-08-21,C,D,D,D,D,D
CIEN,Ciena Corporation,D_趨勢弱,43.7,400.26,637.51,37.2,7.1,-23.9,29.2,339.9,1.17,2026-08-21,D,D,D,D,D,D
DUOL,"Duolingo, Inc.",D_趨勢弱,43.7,147.03,371.63,60.4,12.0,29.3,28.7,-48.6,0.67,2026-08-20,D,D,D,D,D,D
MPWR,"Monolithic Power Systems, Inc.",C_基底修復中,43.4,1321.13,1714.09,22.9,0.7,-11.2,11.3,55.9,1.28,2026-08-21,C,C,C,C,C,C
TEM,"Tempus AI, Inc.",D_趨勢弱,42.7,72.21,104.32,30.8,26.2,53.8,35.4,5.8,0.48,2026-08-21,D,D,D,D,D,D
CSX,CSX,B_上升結構,41.1,50.16,53.6,6.4,15.0,,,,,2026-08-21,,,,,,B
CRDO,Credo Technology Group Holding Ltd,C_基底修復中,40.5,229.54,308.67,25.6,14.5,50.5,85.4,100.3,1,2026-08-21,B,C,C,C,C,C
AAOI,"Applied Optoelectronics, Inc.",D_趨勢弱,40,124.82,233.67,46.6,23.2,-29.2,197.4,397.8,1.19,2026-08-21,D,D,D,D,D,D
CGNX,Cognex Corporation,C_基底修復中,39.6,60.06,72.88,17.6,-4.9,-6.6,2.9,45.0,0.98,2026-08-21,A,A,C,C,C,C
AVGO,Broadcom Inc.,D_趨勢弱,38.7,368.45,495,25.6,-0.6,-12.7,10.9,21.2,0.94,2026-08-21,C,C,C,D,D,D
NOW,"ServiceNow, Inc.",D_趨勢弱,38.6,127.95,194.726,34.3,22.7,22.5,17.8,-26.0,0.52,2026-08-21,D,D,D,D,D,D
AI,"C3.ai, Inc.",D_趨勢弱,38.0,10.33,20.22,48.9,2.0,18.9,-3.8,-40.3,0.76,2026-08-21,D,D,D,D,D,D
TER,"Teradyne, Inc.",C_基底修復中,36.8,383.15,487.91,21.5,20.2,20.7,23.2,261.0,1.04,2026-08-21,B,B,B,C,C,C
UNH,UnitedHealth,D_趨勢弱,35.7,389.85,461.62,15.5,-15.51,,,,,2026-08-21,,,,,,D
V,Visa,C_基底修復中,34.5,371.12,373.97,0.8,,,,,,2026-08-21,,,,,,C
MNDY,monday.com Ltd.,D_趨勢弱,33.9,88.16,220.8,60.1,10.5,22.5,21.8,-49.3,0.73,2026-08-21,D,D,D,D,D,D
JPM,JPMorgan Chase,C_基底修復中,32.6,351.58,366.5,4.1,,,,,,2026-08-21,,,,,,C
QCOM,QUALCOMM Incorporated,D_趨勢弱,32.3,162.2,259.92,37.6,-5.5,-20.1,13.1,2.0,0.52,2026-08-21,D,D,D,D,D,D
MA,Mastercard,C_基底修復中,32.2,573.85,601.77,4.6,,,,,,2026-08-21,,,,,,C
SMCI,"Super Micro Computer, Inc.",D_趨勢弱,30.0,37.08,58.78,36.9,53.8,20.4,25.0,-19.3,0.95,2026-08-21,D,D,D,D,D,D
CEG,Constellation Energy Corporation,D_趨勢弱,30.0,270,412.7,34.6,5.0,1.3,-6.5,-16.7,0.57,2026-08-21,D,D,D,D,D,D
CLS,Celestica Inc.,D_趨勢弱,29.7,297.23,474.03,37.3,-1.3,-13.7,2.3,55.0,1.22,2026-08-21,C,D,D,D,D,D
CRM,"Salesforce, Inc.",C_基底修復中,28.9,209.17,269.11,22.3,21.5,15.9,11.1,-13.0,0.96,2026-08-21,D,D,D,C,C,C
CDNS,"Cadence Design Systems, Inc.",D_趨勢弱,28.8,319.31,416.69,23.4,-3.1,-7.5,4.8,-10.2,0.67,2026-08-21,D,D,D,D,D,D
IREN,IREN Limited,D_趨勢弱,26.0,44.33,76.86,42.3,18.1,-15.9,5.2,124.6,0.8,2026-08-21,D,D,D,D,D,D
ZS,"Zscaler, Inc.",D_趨勢弱,25.8,178.24,336.99,47.1,19.9,2.3,3.9,-37.0,0.54,2026-08-21,D,D,D,D,D,D
ETR,Entergy,C_基底修復中,24.4,107.34,118.45,9.4,,,,,,2026-08-21,,,,,,C
HLT,Hilton,C_基底修復中,24.0,321.98,358.0,10.1,,,,,,2026-08-20,,,,,,C
AXP,American Express,D_趨勢弱,23.0,342.31,387.49,11.7,,,,,,2026-08-21,,,,,,D
SOUN,"SoundHound AI, Inc.",D_趨勢弱,22.8,7.26,22.17,67.3,12.2,-13.8,-2.6,-54.5,0.69,2026-08-21,D,D,D,D,D,D
COST,Costco,D_趨勢弱,21.9,947.74,1096.5,13.6,,,,,,2026-08-21,,,,,,D
TSLA,"Tesla, Inc.",D_趨勢弱,21.8,362.86,498.83,27.3,-4.0,-10.3,-10.5,8.1,0.55,2026-08-21,D,D,D,D,D,D
TXRH,Texas Roadhouse,C_基底修復中,21.3,185,216.19,14.4,,,,,,2026-08-21,,,,,,C
UNM,Unum Group,D_趨勢弱,21.1,21.04,24.7,14.8,,,,,,2026-08-14,,,,,,D
SNPS,"Synopsys, Inc.",D_趨勢弱,20.8,400.02,624.82,36.0,4.2,-19.9,-9.6,-36.4,0.85,2026-08-20,D,D,D,D,D,D
NEE,NextEra Energy,C_基底修復中,20.8,83.65,98.75,15.3,,,,,,2026-08-21,,,,,,C
HUBB,Hubbell,D_趨勢弱,20.3,483.86,565.5,14.4,-1.0,,,,,2026-08-18,,,,,,D
KKR,KKR,C_基底修復中,20.0,110.46,152.1,27.4,,,,,,2026-08-21,,,,,,C
AXTI,AXT,D_趨勢弱,20.0,73.12,143.16,48.9,,,,,,2026-08-20,,,,,,D
WDC,Western Digital,D_趨勢弱,20.0,459.44,799.87,42.6,,,,,,2026-08-21,,,,,,D
MCHP,Microchip,C_基底修復中,20.0,75.81,105.91,28.4,,,,,,2026-08-21,,,,,,C
BX,Blackstone,C_基底修復中,20.0,133.9,190.09,29.6,,,,,,2026-08-21,,,,,,C
GLW,Corning,D_趨勢弱,20.0,151.45,271.78,44.3,,,,,,2026-08-20,,,,,,D
RDW,Redwire,D_趨勢弱,20.0,11.83,26.64,55.6,,,,,,2026-08-06,,,,,,D
CCJ,Cameco,C_基底修復中,20.0,100.38,135.24,25.8,,,,,,2026-08-21,,,,,,C
SPOT,Spotify,C_基底修復中,20.0,533.72,745.0,28.4,,,,,,2026-08-21,,,,,,C
LUMN,Lumen,D_趨勢弱,20.0,6.01,11.95,49.7,,,,,,2026-08-21,,,,,,D
COIN,Coinbase,D_趨勢弱,20.0,185.21,402.16,53.9,,,,,,2026-08-21,,,,,,D
HOOD,Robinhood,D_趨勢弱,20.0,107.53,153.83,30.1,,,,,,2026-08-21,,,,,,D
ICE,Intercontinental Exchange,C_基底修復中,19.8,157.24,189.35,17.0,,,,,,2026-08-19,,,,,,C
BBAI,"BigBear.ai Holdings, Inc.",D_趨勢弱,19.6,3.04,9.39,67.6,-5.4,-27.1,-27.1,-54.0,0.41,2026-08-20,D,D,D,D,D,D
CME,CME Group,C_基底修復中,19.4,270.87,329.16,17.7,,,,,,2026-08-20,,,,,,C
VST,Vistra Corp.,D_趨勢弱,18.8,138.94,219.81,36.8,-6.2,-0.3,-20.0,-31.3,0.56,2026-08-21,D,D,D,D,D,D
URBN,Urban Outfitters,D_趨勢弱,18.6,68.35,84.35,19.0,,,,,,2026-08-21,,,,,,D
BOOT,Boot Barn,C_基底修復中,18.3,169.17,210.25,19.5,,,,,,2026-08-20,,,,,,C
OUST,Ouster's Q2 2026 revenue rose ,D_趨勢弱,17.9,49.83,63.79,21.9,5.6,5.6,5.6,5.6,1,2026-08-21,,D,D,D,D,D
VCYT,Veracyte,D_趨勢弱,17.6,41.25,60.91,32.3,-2.4,,,,,2026-08-16,,,,,,D
OKLO,Oklo Inc.,D_趨勢弱,17.2,42.09,193.84,78.3,-7.8,-33.6,-37.4,-42.5,0.64,2026-08-21,D,D,D,D,D,D
FN,Fabrinet,D_趨勢弱,17.1,445.6,748.89,40.5,-6.9,-38.8,-12.3,39.8,3.45,2026-08-20,C,D,D,D,D,D
APP,AppLovin Corporation,D_趨勢弱,17.0,308.77,745.61,58.6,-13.0,-23.0,-9.4,-15.4,0.89,2026-08-20,D,D,D,D,D,D
MOD,Modine Manufacturing Company,D_趨勢弱,16.3,195.35,323.25,39.6,-13.0,-19.3,-8.3,43.4,0.96,2026-08-21,D,D,C,D,D,D
RDDT,"Reddit, Inc.",D_趨勢弱,16.2,150.31,282.95,46.9,-1.1,-3.5,11.4,-43.8,4.01,2026-08-21,D,D,D,D,D,D
CBRS,Cerebras Systems Inc.,D_趨勢弱,15.2,209.85,386.34,45.7,14.8,-25.9,-33.8,-33.8,1.98,2026-08-21,D,D,D,D,D,D
TLN,Talen Energy Corporation,D_趨勢弱,15.0,308.77,451.28,31.6,-16.8,-6.1,-18.4,-18.7,0.62,2026-08-20,D,D,D,D,D,D
HII,Huntington Ingalls,D_趨勢弱,15.0,305.0,460.0,33.7,,,,,,2026-08-21,,,,,,D
OLN,Olin,D_趨勢弱,15.0,18.92,30.46,37.9,,,,,,2026-08-19,,,,,,D
GPS,Gap,D_趨勢弱,15.0,20.73,30.75,32.6,,,,,,2026-08-21,,,,,,D
ISRG,Intuitive Surgical,D_趨勢弱,15.0,378.81,603.88,37.3,,,,,,2026-08-21,,,,,,D
AEO,American Eagle,D_趨勢弱,14.9,16.35,28.46,42.6,-5.05,,,,,2026-08-18,,,,,,D
ORCL,Oracle Corporation,D_趨勢弱,12.6,142.07,345.72,58.9,12.4,-24.0,-9.1,-43.1,0.54,2026-08-20,D,D,D,D,D,D
LULU,Lululemon,D_趨勢弱,11.3,115.12,225.98,49.1,-3.71,,,,,2026-08-21,,,,,,D
TJX,TJX Companies,D_趨勢弱,9.3,141.01,170.0,17.1,-10.47,,,,,2026-08-21,,,,,,D
NKE,Nike,D_趨勢弱,8.2,40.35,80.17,49.7,-6.75,,,,,2026-08-21,,,,,,D
BIRK,Birkenstock,D_趨勢弱,6.7,35.98,59.5,39.5,-8.3,,,,,2026-08-21,,,,,,D
BA,Boeing,D_趨勢弱,5.7,215.13,254.35,15.4,-15.4,,,,,2026-08-21,,,,,,D
CRWV,"CoreWeave, Inc. Class A Common Stock",D_趨勢弱,5.0,88.28,153.2,42.4,47.8,-18.4,-6.9,-11.2,1.06,2026-08-21,D,D,D,D,D,D
NFLX,Netflix,D_趨勢弱,5.0,80.0,126.71,36.9,-10.0,,,,,2026-08-21,,,,,,D
SMR,NuScale Power Corporation,D_趨勢弱,4.6,9.19,57.42,84.0,10.4,-18.3,-36.3,-75.4,1.06,2026-08-21,D,D,D,D,D,D
META,"Meta Platforms, Inc.",D_趨勢弱,0.0,545.83,790.8,31.0,-15.4,-10.6,-15.0,-28.7,1.53,2026-08-21,D,D,D,D,D,D
