ticker,name,category,score,price,year_high,year_low,ma50,ma200,off_high_pct,above_low_pct,chg_5d,chg_1m,chg_3m,chg_6m,chg_1y,vol_ratio,as_of
CRWD,"CrowdStrike Holdings, Inc.",A_VCP待突破,87.3,216.95,227.5,85.68,189.63635,137.14468,4.6,153.2,0.76169244,4.92334,46.0746,101.98306,102.79491,0.56,2026-08-14T20:00:01Z
AMD,"Advanced Micro Devices, Inc.",B_上升結構,80,514.39,584.73,149.22,510.4002,324.3304,12,244.7,7.81823,-2.78754,21.28979,148.11403,189.78086,0.73,2026-08-14T20:00:01Z
ASML,ASML Holding N.V.,A_VCP待突破,80,1844.08,1999.96,716.2,1773.3492,1424.4751,7.8,157.5,2.84828,1.58709,22.7905,31.10102,148.47472,0.46,2026-08-14T20:00:01Z
PANW,"Palo Alto Networks, Inc.",E_突破延伸中,79.3,384.27,398.88,139.57,324.2474,221.57645,3.7,175.3,5.16996,8.54471,58.24651,130.17071,116.99136,0.54,2026-08-14T20:00:00Z
DDOG,"Datadog, Inc.",B_上升結構,79,255.46,292.72,98.01,248.8088,172.27028,12.7,160.6,10.49308,-3.40316,22.82912,104.04153,100.75442,0.78,2026-08-14T20:00:01Z
TSM,Taiwan Semiconductor (ADR),B_上升結構,77.3,430.49,479.0,223.7,428.2,352.7,10.1,92.4,0.20920502,-1.84426,5.73951,26.05263,102.9661,0.54,2026-08-14T05:30:07Z
GEV,GE Vernova Inc.,B_上升結構,76.2,1063.25,1195.94,530.16,1025.4562,855.1402,11.1,100.6,5.90878,0.75524979,1.33622,32.55333,70.96525,0.54,2026-08-14T20:00:02Z
NVDA,NVIDIA Corporation,A_VCP待突破,73.3,225.16,236.54,164.07,206.5196,194.91975,4.8,37.2,0.78782453,5.95765,-0.07101012,23.16613,24.77695,0.5,2026-08-14T20:00:00Z
DELL,Dell Technologies Inc.,B_上升結構,72.3,491.13,514,110.22,420.7416,228.1744,4.4,345.6,7.098,19.00989,102.95467,318.01855,255.17067,0.45,2026-08-14T20:00:00Z
PWR,"Quanta Services, Inc.",C_基底修復中,70.7,685.78,788.75,363.01,672.8238,573.4634,13.1,88.9,0.84703391,5.69324,-10.93651,30.85407,80.08456,0.58,2026-08-14T20:00:02Z
HPE,Hewlett Packard Enterprise Company,B_上升結構,69.8,58.7,64.25,19.84,48.442,30.84195,8.6,195.9,5.95668,23.86579,77.34139,158.70428,177.41021,0.43,2026-08-14T20:00:00Z
AMZN,"Amazon.com, Inc.",A_VCP待突破,69.6,262.65,287.2,196,248.1666,237.70245,8.5,34,-4.14583,3.01616,-0.5640948,32.12435,13.68653,0.53,2026-08-14T20:00:01Z
SNOW,Snowflake Inc.,E_突破延伸中,69.2,328.92,341.95,118.3,270.002,214.4297,3.8,178,0.14309636,20.98429,108.87788,80.43776,65.22001,0.33,2026-08-14T20:00:02Z
MU,"Micron Technology, Inc.",C_基底修復中,69,971.66,1255,113.46,960.7178,552.59985,22.6,756.4,12.50362,7.45123,34.08495,136.03459,703.88848,0.55,2026-08-14T20:00:01Z
MDB,"MongoDB, Inc.",E_突破延伸中,68.4,460.33,473.1,206.92,349.3294,337.68954,2.7,122.5,16.71357,38.22063,47.46604,24.95385,110.90901,0.84,2026-08-14T20:00:01Z
NET,"Cloudflare, Inc.",B_上升結構,67.7,315.67,332.22,158.83,262.0056,217.2576,5,98.7,6.82572,15.6131,59.78437,61.17947,57.1201,0.68,2026-08-14T19:59:59Z
MPWR,"Monolithic Power Systems, Inc.",C_基底修復中,66.3,1402.01,1714.09,800.97,1400.0426,1228.025,18.2,75,-1.83515,3.64837,-9.54891,19.67955,69.63834,0.51,2026-08-14T20:00:01Z
LITE,Lumentum Holdings Inc.,B_上升結構,66.2,926.14,1085.68,111.2,813.6806,635.6102,14.7,732.9,-0.52736158,23.15691,-4.5905,64.57689,699.3613,0.76,2026-08-14T20:00:01Z
CRDO,Credo Technology Group Holding Ltd,B_上升結構,65.9,259.9,308.67,86.485,239.3876,171.08708,15.8,200.5,2.00557,14.62468,50.95545,114.01515,122.63149,0.43,2026-08-14T20:00:01Z
INTC,Intel Corp.,C_基底修復中,64.5,102.5,142.35,22.78,109.6056,69.82985,28,350,4.31508,-0.47577435,-5.76446,119.0639,317.34528,0.73,2026-08-14T20:00:01Z
ARM,Arm Holdings plc American Depositary Shares,D_趨勢弱,64.1,279.44,452.7,100.02,313.9498,194.53133,38.3,179.4,-0.6470881,0.87722465,33.60107,123.05236,101.16622,0.22,2026-08-14T20:00:01Z
ETN,Eaton Corporation plc,B_上升結構,63.4,451.51,478,311.92,413.2858,378.0444,5.5,44.8,-0.5265477,9.36153,13.03575,15.99486,28.62433,0.56,2026-08-14T20:00:02Z
TER,"Teradyne, Inc.",B_上升結構,63.1,418.79,487.91,106.3,383.2578,300.4743,14.2,294,8.30963,22.41027,23.94637,33.09286,282.73625,0.44,2026-08-14T20:00:00Z
ANET,"Arista Networks, Inc.",B_上升結構,63.1,198.82,214.89,114.52,173.891,148.2573,7.5,73.6,3.28848,15.64681,40.04367,40.41952,44.80699,0.51,2026-08-14T20:00:03Z
LRCX,Lam Research Corporation,C_基底修復中,62.8,332.36,438.5,94.11,337.4724,249.5573,24.2,253.2,4.02504,-0.91524312,16.73223,41.11154,233.99658,0.66,2026-08-14T20:00:01Z
JBL,Jabil Inc.,B_上升結構,62.4,363.1,428.93,189.6,344.1688,285.2468,15.3,91.5,5.23418,13.76026,6.85069,42.62707,68.6249,0.56,2026-08-14T20:00:02Z
IOT,Samsara Inc.,B_上升結構,62.1,39.79,47.47,23.38,35.5064,33.60255,16.2,70.2,1.71268,9.22317,34.60758,45.64422,18.66985,0.66,2026-08-14T20:00:02Z
BE,Bloom Energy Corporation,D_趨勢弱,61.1,229.94,351.28,40.56,247.2448,184.5627,34.5,466.9,4.04525,-3.94352,-16.67331,64.54845,407.81802,0.92,2026-08-14T20:00:02Z
NBIS,Nebius Group N.V.,B_上升結構,60.6,277.68,299.86,62.01,222.237,146.45572,7.4,347.8,49.22614,39.18099,26.25261,183.31803,287.71293,1.53,2026-08-14T20:00:00Z
VRT,Vertiv Holdings Co,C_基底修復中,57.9,293.84,379.935,118.7,297.4996,250.74585,22.7,147.5,5.9723,-3.523,-20.78503,25.28888,120.81611,0.44,2026-08-14T20:00:03Z
CGNX,Cognex Corporation,A_VCP待突破,57.9,65.63,72.88,34.6,64.6992,51.9602,9.9,89.7,-1.27858,3.77925,2.13196,11.63463,53.70023,0.98,2026-08-14T20:00:01Z
MRVL,"Marvell Technology, Inc.",D_趨勢弱,57.4,222.02,329.88,61.44,238.1004,141.449,32.7,261.4,-2.52448,7.64084,25.51303,182.43226,191.40307,0.38,2026-08-14T20:00:01Z
AVGO,Broadcom Inc.,C_基底修復中,54.3,392.99,495,281.87,390.465,369.199,20.6,39.4,-7.96272,-0.32717865,-7.57308,20.85678,28.28557,1.2,2026-08-14T20:00:01Z
ALAB,"Astera Labs, Inc. Common Stock",D_趨勢弱,54,321.61,499.476,97.89,355.0373,215.8045,35.6,228.5,-4.78996,-8.27391,38.21987,148.69316,73.04816,0.43,2026-08-14T20:00:01Z
KLAC,KLA Corporation,D_趨勢弱,53.6,203.72,307.37,83.224,221.80421,166.77264,33.7,144.8,-0.51762867,-9.25612,12.90805,39.1435,132.84947,0.54,2026-08-14T20:00:01Z
GOOGL,Alphabet Inc.,C_基底修復中,53.6,345.9,408.61,196.6,353.8944,331.3754,15.3,75.9,-2.61276,-6.74539,-12.82323,13.14274,69.64198,0.55,2026-08-14T20:00:01Z
AXON,"Axon Enterprise, Inc.",C_基底修復中,51.6,612.83,794.29,339.01,525.6298,509.75146,22.8,80.8,7.84514,13.25214,56.38206,42.62806,-18.74867,0.38,2026-08-14T20:00:01Z
CIEN,Ciena Corporation,D_趨勢弱,50.8,428.77,637.51,84.41,431.9034,361.9705,32.7,408,2.0881,2.4638,-22.6689,41.07989,371.8499,0.96,2026-08-14T20:00:02Z
AAOI,"Applied Optoelectronics, Inc.",D_趨勢弱,50,150.28,233.67,18.5,133.9424,94.98653,35.7,712.3,6.04008,37.75781,-21.05484,238.0117,571.79258,1.55,2026-08-14T20:00:01Z
MSFT,Microsoft Corporation,C_基底修復中,48.4,495.4,553.72,349.2,412.7756,432.4805,10.5,41.9,-1.59701,25.21801,17.41562,23.44264,-4.7619,0.37,2026-08-14T20:00:01Z
PLTR,Palantir Technologies Inc.,C_基底修復中,46.8,174.04,207.52,106.37,134.9878,152.09305,16.1,63.6,1.77183,30.11364,29.89029,32.44045,-1.76666,0.53,2026-08-14T20:00:00Z
COHR,"Coherent, Inc.",C_基底修復中,46.2,325.83,440,84.35,337.3112,265.55466,25.9,286.3,-14.96908,8.83493,-14.80455,49.99309,248.85439,1.43,2026-08-14T20:00:02Z
FN,Fabrinet,C_基底修復中,46,570.22,748.89,272.49,532.0246,536.552,23.9,109.3,0.8507101,17.17251,-21.02654,15.06811,72.89873,0.57,2026-08-14T20:00:03Z
CLS,Celestica Inc.,C_基底修復中,45.9,335.05,474.03,173.23,349.8052,330.08655,29.3,93.4,4.70313,0.08363951,-6.55418,19.37932,71.39861,0.98,2026-08-14T20:00:02Z
DUOL,"Duolingo, Inc.",D_趨勢弱,42.4,132.83,371.63,87.89,127.717,137.33905,64.3,51.1,2.33436,1.22695,18.53471,17.99769,-59.37051,0.67,2026-08-14T20:00:01Z
AMAT,"Applied Materials, Inc.",D_趨勢弱,41.1,507.18,739.67,154.47,558.7578,387.2946,31.4,228.3,-8.61622,-12.46915,16.16051,42.90383,213.53858,1.45,2026-08-14T20:00:01Z
MOD,Modine Manufacturing Company,D_趨勢弱,40.4,209.5,323.25,111.18,240.544,207.35065,35.2,88.4,5.8669,-9.6827,-22.76782,-3.23326,51.02364,0.57,2026-08-14T20:00:02Z
NOW,"ServiceNow, Inc.",D_趨勢弱,38.2,124,194.726,81.24,107.649,121.80999,36.3,52.6,-0.57729314,18.39969,30.43021,15.80127,-28.50966,0.53,2026-08-14T20:00:03Z
APLD,Applied Digital Corp.,D_趨勢弱,37.5,31.2,50.725,13.16,34.111,32.43288,38.5,137.1,6.521,7.47503,-26.69173,-11.56463,121.43364,0.82,2026-08-14T20:00:01Z
ZS,"Zscaler, Inc.",D_趨勢弱,35.7,183.6,336.99,114.625,145.4568,183.07703,45.5,60.2,8.80645,23.895,14.00186,3.30858,-33.22908,0.57,2026-08-14T20:00:00Z
MNDY,monday.com Ltd.,D_趨勢弱,35.7,87.52,220.8,57.5,81.1406,101.53873,60.4,52.2,7.51843,8.43762,21.60622,20.91738,-50.19916,0.73,2026-08-14T20:00:01Z
QCOM,QUALCOMM Incorporated,D_趨勢弱,32.2,165.79,259.92,121.99,183.8708,168.682,36.2,35.9,-1.40937,-6.84908,-17.718,17.83227,5.03009,0.27,2026-08-14T20:00:00Z
SMCI,"Super Micro Computer, Inc.",D_趨勢弱,31.1,39.84,58.78,19.48,30.812,31.8141,32.2,104.5,24.5,48.15917,28.35052,30.45187,-12.18867,1.29,2026-08-14T20:00:00Z
CRWV,"CoreWeave, Inc. Class A Common Stock",D_趨勢弱,27.4,105.26,153.2,60.55,90.6598,92.94492,31.3,73.8,13.97943,36.48859,-1.90121,9.60017,5.29159,1.06,2026-08-14T20:00:01Z
AI,"C3.ai, Inc.",D_趨勢弱,26.4,9.93,20.22,7.675,9.5842,11.0865,50.9,29.4,-1.97433,8.64333,14.79769,-7.88497,-44.36975,0.76,2026-08-14T20:00:03Z
TEM,"Tempus AI, Inc.",D_趨勢弱,26.1,52.1,104.32,40.77,51.5402,57.46915,50.1,27.8,0.59857115,-8.99563,18.59777,0.28873917,-29.38466,0.48,2026-08-14T20:00:00Z
IREN,IREN Limited,D_趨勢弱,25.9,44.06,76.87,17.22,44.8934,47.08985,42.7,155.9,6.7345,15.09927,-16.77371,4.35812,123.76841,0.8,2026-08-14T20:00:01Z
CRM,"Salesforce, Inc.",D_趨勢弱,25.7,196.21,269.11,146.32,172.5036,202.20296,27.1,34.1,3.17611,17.49102,13.08282,3.42083,-19.06864,0.57,2026-08-14T20:00:02Z
SOUN,"SoundHound AI, Inc.",D_趨勢弱,25.7,7.43,22.17,5.65,6.7531,8.9865,66.5,31.5,-4.74359,14.30769,-11.65279,-0.40214477,-52.34124,0.69,2026-08-14T20:00:00Z
CEG,Constellation Energy Corporation,D_趨勢弱,25.6,282.5,412.7,228.63,261.0965,302.6325,31.5,23.6,4.5135,9.44522,5.72605,-2.05596,-12.3297,0.57,2026-08-14T20:00:01Z
RDDT,"Reddit, Inc.",D_趨勢弱,25.4,177.97,282.95,119.27,174.853,178.067,37.1,49.2,10.20497,-10.12978,12.51818,27.44003,-27.80122,4.01,2026-08-14T20:00:00Z
SNPS,"Synopsys, Inc.",D_趨勢弱,24.1,421.5,626.24,366,426.9676,447.30606,32.7,15.2,1.32212,-0.88882619,-16.10605,-3.56677,-31.78618,0.58,2026-08-14T20:00:00Z
TLN,Talen Energy Corporation,D_趨勢弱,23.9,362.74,451.28,301.45,370.7248,363.68436,19.6,20.3,3.93398,-9.3422,8.52681,-3.70587,-3.99132,0.62,2026-08-14T20:00:00Z
OKLO,Oklo Inc.,D_趨勢弱,22.1,44.38,193.84,36.61,49.017,70.48435,77.1,21.2,-6.0343,-2.86715,-28.70683,-32.44025,-37.54574,0.64,2026-08-14T20:00:02Z
BBAI,"BigBear.ai Holdings, Inc.",D_趨勢弱,20.9,3.27,9.39,2.59,3.8028,5.36385,65.2,26.3,0.92592593,4.14013,-19.85294,-19.85294,-46.74267,0.41,2026-08-14T20:00:02Z
VST,Vistra Corp.,D_趨勢弱,17.4,148.13,219.82,132.66,154.0554,161.37025,32.6,11.7,4.38306,-7.55164,6.04954,-13.62179,-24.93285,0.56,2026-08-14T20:00:02Z
ORCL,Oracle Corporation,D_趨勢弱,16.5,150.32,345.72,114.5,153.9644,176.7874,56.5,31.3,1.38945,13.45762,-22.09381,-6.13213,-39.45545,0.64,2026-08-14T20:00:00Z
CBRS,Cerebras Systems Inc.,D_趨勢弱,15,218.98,386.34,160.81,208.7452,220.47797,43.3,36.2,-3.76621,19.0044,-21.71457,-29.60427,-29.60427,1.98,2026-08-14T20:00:01Z
TSLA,"Tesla, Inc.",D_趨勢弱,12.1,342.27,498.83,297.38,371.0854,406.07944,31.4,15.1,4.79792,-13.23075,-18.93947,-18.00738,3.54247,0.87,2026-08-14T20:00:00Z
META,"Meta Platforms, Inc.",D_趨勢弱,11.6,589.85,790.8,520.26,597.1338,627.6344,25.4,13.4,-1.54891,-13.42414,-3.9692,-7.8028,-24.88188,0.47,2026-08-14T20:00:01Z
CDNS,"Cadence Design Systems, Inc.",D_趨勢弱,10.9,324.82,416.69,262.75,362.9226,327.7346,22,23.6,-3.70283,-12.56528,-6.45663,8.46858,-7.16246,1.02,2026-08-14T20:00:01Z
APP,AppLovin Corporation,D_趨勢弱,10,315.44,745.61,303.17,450.2326,508.19263,57.7,4,-9.0951,-30.32492,-37.03792,-19.23185,-28.09337,0.89,2026-08-14T20:00:01Z
SMR,NuScale Power Corporation,D_趨勢弱,7.7,9.39,57.42,7.21,9.4988,14.94545,83.6,30.2,-4.0858,12.32057,-16.38468,-34.38155,-73.52692,1.06,2026-08-14T20:02:17Z
