ticker,name,stage,score,price,year_high,year_low,off_high_pct,above_low_pct,chg_6m,chg_1y,above_ma200,as_of
AMZN,"Amazon.com, Inc.",2A_初升段,80.1,261.16,287.2,196,9.1,33.2,27.3,12.7,True,2026-08-21
SNOW,Snowflake Inc.,2A_初升段,79.8,325.58,341.95,118.3,4.8,175.2,84.9,64.2,True,2026-08-21
MRK,Merck,2A_初升段,78.9,152.55,154.49,77.58,1.3,96.6,42,61,True,2026-08-21
IOT,Samsara Inc.,2B_主升段,77.5,39.2,47.47,23.38,17.4,67.7,46.0,15.8,True,2026-08-20
PLTR,Palantir Technologies Inc.,2B_主升段,76.2,173.96,207.52,106.37,16.2,63.5,28.2,0.1,True,2026-08-21
NET,"Cloudflare, Inc.",2A_初升段,76.0,293.14,332.22,158.83,11.8,84.6,54.8,46.3,True,2026-08-21
MSFT,Microsoft Corporation,2B_主升段,75.9,483.24,553.72,349.2,12.7,38.4,20.9,-6.5,True,2026-08-21
AXON,"Axon Enterprise, Inc.",1轉2_轉強觀察,75.5,616.31,794.29,339.01,22.4,81.8,43.3,-18.0,True,2026-08-21
CSX,CSX,2A_初升段,74.7,51.59,53.6,31.8,3.7,62.2,34,43.3,True,2026-08-21
CVX,Chevron,2B_主升段,74.6,205.8,214.71,146.49,4.1,40.5,11.8,30,True,2026-08-21
DUOL,"Duolingo, Inc.",41_弱勢打底,74.2,147.03,371.63,87.89,60.4,67.3,28.7,-48.6,True,2026-08-20
URBN,Urban Outfitters,2A_初升段,73.4,76.83,84.35,59.54,8.9,29.0,27,,True,2026-08-21
NVDA,NVIDIA Corporation,2A_初升段,73.1,214.72,236.54,164.07,9.2,30.9,14.6,18.4,True,2026-08-21
PANW,"Palo Alto Networks, Inc.",2B_主升段,71.3,360.08,398.88,139.57,9.7,158.0,141.9,108.7,True,2026-08-21
KO,Coca-Cola,2A_初升段,70.7,90.6,90.86,65.34,0.3,38.7,18,31,True,2026-08-21
RTX,RTX Corp,2A_初升段,69.7,210.02,226.88,150.61,7.4,39.4,30,43.3,True,2026-08-21
ANET,"Arista Networks, Inc.",2B_主升段,69.5,188.65,214.89,114.52,12.2,64.7,36.1,37.6,True,2026-08-21
CRWD,"CrowdStrike Holdings, Inc.",2B_主升段,68.4,191.69,227.5,85.68,15.7,123.7,94.8,89.8,True,2026-08-21
ETN,Eaton Corporation plc,2B_主升段,67.4,419.2,478,311.92,12.3,34.4,8.8,21.5,True,2026-08-21
LH,Labcorp,2A_初升段,67.4,318.13,323.48,246.64,1.7,29.0,,13.2,True,2026-08-21
FLR,Fluor,2B_主升段,66.8,52.28,57.93,39.33,9.8,32.9,,4,True,2026-08-18
NOW,"ServiceNow, Inc.",1轉2_轉強觀察,66.5,127.95,194.726,81.24,34.3,57.5,17.8,-26.0,True,2026-08-21
GWW,W.W. Grainger,2B_主升段,66.4,1321.38,1419.91,906.52,6.9,45.8,10,,True,2026-08-13
BAC,Bank of America,2A_初升段,66.1,64.24,65.22,46.12,1.5,39.3,,27,True,2026-08-21
PCAR,PACCAR,2B_主升段,65.3,129,131.88,92.25,2.2,39.8,,,True,2026-08-01
NSC,Norfolk Southern,2B_主升段,65.2,350.72,358.6,268.23,2.2,30.8,,,True,2026-08-21
DDOG,"Datadog, Inc.",1轉2_轉強觀察,65.0,232.52,292.72,98.01,20.6,137.2,96.5,85.1,True,2026-08-21
GEV,GE Vernova Inc.,1轉2_轉強觀察,65.0,966.01,1195.94,530.16,19.2,82.2,23.1,61.5,True,2026-08-21
BE,Bloom Energy Corporation,3_做頭疑慮,65,198.24,351.28,40.56,43.6,388.8,50.1,393.3,True,2026-08-21
PWR,"Quanta Services, Inc.",1轉2_轉強觀察,64.6,639.34,788.75,363.01,18.9,76.1,24.3,73.5,True,2026-08-21
SMCI,"Super Micro Computer, Inc.",1轉2_轉強觀察,64.4,37.08,58.78,19.48,36.9,90.3,25.0,-19.3,True,2026-08-21
TXRH,Texas Roadhouse,2A_初升段,64.4,207.1,216.3,153.82,4.3,34.6,,22.4,True,2026-08-21
ALAB,"Astera Labs, Inc. Common Stock",41_弱勢打底,64.2,287.74,499.476,97.89,42.4,193.9,129.5,58.1,True,2026-08-21
CRM,"Salesforce, Inc.",1轉2_轉強觀察,64.0,209.17,269.11,146.32,22.3,43.0,11.1,-13.0,True,2026-08-21
V,Visa,41_弱勢打底,64.0,371.12,373.97,293.89,0.8,26.3,-3.67,4,True,2026-08-21
HLT,Hilton,2A_初升段,63.3,329.61,358,253.54,7.9,30.0,,53.1,True,2026-08-20
UNP,Union Pacific,2A_初升段,63.1,304.0,315.51,210.89,3.6,44.2,,40,True,2026-08-21
DELL,Dell Technologies Inc.,2B_主升段,62.7,434.78,514,110.22,15.4,294.5,294.0,232.0,True,2026-08-21
BLFS,BioLife Solutions,2A_初升段,62.7,32.15,32.15,18.15,0.0,77.1,,22.7,True,2026-08-20
JNJ,Johnson & Johnson,2A_初升段,62.6,267.37,274.9,173.33,2.7,54.3,,52,True,2026-08-20
RPRX,Royalty Pharma,2A_初升段,62.6,61.73,62.1,34.08,0.6,81.1,,69,True,2026-08-20
GOOGL,Alphabet Inc.,1轉2_轉強觀察,62.4,344.82,408.61,196.6,15.6,75.4,13.7,69.3,True,2026-08-21
GS,Goldman Sachs,2A_初升段,62.2,1039.28,1153.99,712.97,9.9,45.8,,48.1,True,2026-08-21
ARM,Arm Holdings plc American Depositary Shares,41_弱勢打底,62.1,250.6,452.7,100.02,44.6,150.5,98.0,78.5,True,2026-08-21
TEM,"Tempus AI, Inc.",1轉2_轉強觀察,62.1,72.21,104.32,40.77,30.8,77.1,35.4,5.8,True,2026-08-21
JBL,Jabil Inc.,1轉2_轉強觀察,61.8,316.65,428.93,189.6,26.2,67.0,23.7,50.7,True,2026-08-21
ROST,Ross Stores,2A_初升段,61.2,239.04,257,143.39,7.0,66.7,,82.4,True,2026-08-21
TSM,Taiwan Semiconductor (ADR),2B_主升段,61.1,412.09,479.0,223.7,14.0,84.2,24.8,101.2,True,2026-08-20
HPE,Hewlett Packard Enterprise Company,2B_主升段,61.1,53.09,64.25,19.84,17.4,167.6,153.8,152.8,True,2026-08-21
VRTX,Vertex Pharma,2A_初升段,60.5,550.81,555.31,374.17,0.8,47.2,,38.3,True,2026-08-21
CRDO,Credo Technology Group Holding Ltd,1轉2_轉強觀察,60.0,229.54,308.67,86.485,25.6,165.4,85.4,100.3,True,2026-08-21
TGT,Target,2A_初升段,59.8,165.44,165.48,83.44,0.0,98.3,,51.5,True,2026-08-21
AMD,"Advanced Micro Devices, Inc.",2B_主升段,59.7,473.25,584.73,149.22,19.1,217.1,139.8,172.8,True,2026-08-21
UNH,UnitedHealth,41_弱勢打底,59.4,389.85,461.62,255.97,15.5,52.3,,32.1,True,2026-08-21
JPM,JPMorgan Chase,2A_初升段,59.3,351.58,366.5,279.1,4.1,26.0,,24.8,True,2026-08-21
H,Hyatt Hotels,2B_主升段,58.8,180.98,188.5,127.54,4.0,41.9,,,True,2026-08-21
HST,Host Hotels,2B_主升段,58.5,23.38,25.71,14.61,9.1,60.0,10.1,43.1,True,2026-08-21
MDB,"MongoDB, Inc.",2A_初升段,57.2,427.09,473.1,206.92,9.7,106.4,18.0,89.7,True,2026-08-21
ABBV,AbbVie,2A_初升段,57.2,249.46,267.47,190.75,6.7,30.8,,24.2,True,2026-07-29
ANGO,AngioDynamics,2A_初升段,57.2,15.7,15.73,8.36,0.2,87.8,,76.45,True,2026-08-07
MU,"Micron Technology, Inc.",1轉2_轉強觀察,57.1,974.33,1255,113.46,22.4,758.7,127.1,665.0,True,2026-08-21
MET,MetLife,2A_初升段,57.0,93.46,100.93,67.33,7.4,38.8,,20.8,True,2026-08-20
OXY,Occidental,2B_主升段,57.0,61.64,67.45,38.8,8.6,58.9,3.5,28.9,True,2026-08-21
PNC,PNC Financial,2A_初升段,56.8,241.62,258.96,176.88,6.7,36.6,,28.64,True,2026-08-21
KLAC,KLA Corporation,1轉2_轉強觀察,56.7,184.8,307.37,83.224,39.9,122.1,26.4,115.3,True,2026-08-21
MPWR,"Monolithic Power Systems, Inc.",1轉2_轉強觀察,56.7,1321.13,1714.09,800.97,22.9,64.9,11.3,55.9,True,2026-08-21
PARR,Par Pacific,2B_主升段,56.6,86.03,86.47,26.83,0.5,220.6,,,True,2026-08-21
MRVL,"Marvell Technology, Inc.",1轉2_轉強觀察,56.5,253.67,329.88,61.44,23.1,312.9,189.8,198.2,True,2026-08-21
FCX,Freeport-McMoRan,2A_初升段,56.5,76.09,77.33,35.15,1.6,116.5,,72,True,2026-08-21
ASML,ASML Holding N.V.,2B_主升段,56.1,1750.31,1999.96,716.2,12.5,144.4,19.9,138.3,True,2026-08-20
XOM,ExxonMobil,2A_初升段,55.8,165.98,176.41,107.96,5.9,53.7,,44.6,True,2026-08-21
COHR,"Coherent, Inc.",1轉2_轉強觀察,55.4,287.47,440,84.35,34.7,240.8,30.7,232.4,True,2026-08-21
SBUX,Starbucks,2B_主升段,55.4,107.08,109.23,77.99,2.0,37.3,,,True,2026-08-21
LLY,Eli Lilly,2A_初升段,55.3,1263.88,1292.65,685.15,2.2,84.5,,79,True,2026-08-21
MA,Mastercard,2A_初升段,55.2,573.85,601.77,464.52,4.6,23.5,13.77,,True,2026-08-21
UBSI,United Bankshares,2B_主升段,55.2,48.5,49.62,34.11,2.3,42.2,,,True,2026-08-11
INTC,Intel Corp.,1轉2_轉強觀察,55,90.06,142.35,22.78,36.7,295.3,105.7,301.6,True,2026-08-21
AAOI,"Applied Optoelectronics, Inc.",41_弱勢打底,55,124.82,233.67,18.5,46.6,574.7,197.4,397.8,True,2026-08-21
NBIS,Nebius Group N.V.,1轉2_轉強觀察,55,223.91,299.86,62.01,25.3,261.1,163.5,267.9,True,2026-08-21
GILD,Gilead,2A_初升段,54.9,143.44,157.29,108.46,8.8,32.3,,30.6,True,2026-08-21
LOB,Live Oak Bancshares,2B_主升段,54.8,43.29,44.53,29.36,2.8,47.4,,,True,2026-08-17
UNM,Unum Group,2B_主升段,54.7,90.56,93.22,68.28,2.9,32.6,,,True,2026-08-14
CIEN,Ciena Corporation,1轉2_轉強觀察,54.6,400.26,637.51,84.41,37.2,374.2,29.2,339.9,True,2026-08-21
GL,Globe Life,2A_初升段,54.0,171.46,191.55,127.85,10.5,34.1,,26.4,True,2026-08-19
NEM,Newmont,2A_初升段,53.1,131.66,134.88,67.69,2.4,94.5,,100,True,2026-08-21
CGNX,Cognex Corporation,2B_主升段,52.9,60.06,72.88,34.6,17.6,73.6,2.9,45.0,True,2026-08-21
LITE,Lumentum Holdings Inc.,1轉2_轉強觀察,51.8,827.6,1085.68,111.2,23.8,644.2,41.7,628.7,True,2026-08-21
CLDX,Celldex,2A_初升段,51.7,41.81,45.14,20.37,7.4,105.3,,74.25,True,2026-08-21
VRT,Vertiv Holdings Co,1轉2_轉強觀察,51.5,264.63,379.94,118.7,30.3,122.9,15.1,110.6,True,2026-08-21
MAR,Marriott,2B_主升段,51.4,356.39,410.98,256.49,13.3,38.9,,29.6,True,2026-08-03
CAH,Cardinal Health,2B_主升段,50.4,236.76,258.0,137.75,8.2,71.9,,,True,2026-08-10
ENVA,Enova International,2B_主升段,49.7,242.9,267.45,103.02,9.2,135.8,,,True,2026-08-14
RVMD,Revolution Medicines,2B_主升段,49.7,216,216.72,35.42,0.3,509.8,,270.3,True,2026-08-20
UFPT,UFP Technologies,2B_主升段,49.0,260.52,289.57,178.26,10.0,46.1,,,True,2026-08-21
HMY,Harmony Gold,2A_初升段,48.8,23.54,26.06,12.58,9.7,87.1,,85,True,2026-08-20
PBF,PBF Energy,2B_主升段,48.1,73.91,75.68,22.13,2.3,234.0,,150,True,2026-08-19
AMAT,"Applied Materials, Inc.",1轉2_轉強觀察,47.9,496.21,739.67,154.47,32.9,221.2,35.8,211.0,True,2026-08-21
IOVA,Iovance,2B_主升段,47.9,8.565,8.8,1.76,2.7,386.6,,173.73,True,2026-08-19
KKR,KKR,41_弱勢打底,47.5,110.46,152.1,82.67,27.4,33.6,,-24.75,True,2026-08-21
LUMN,Lumen,41_弱勢打底,47.0,7.44,11.95,4.27,37.7,74.2,-20,,True,2026-08-21
LRCX,Lam Research Corporation,1轉2_轉強觀察,46.2,314.46,438.5,94.11,28.3,234.1,32.5,227.5,True,2026-08-21
XPO,XPO,2B_主升段,44.9,196.84,232.05,117.98,15.2,66.8,,,True,2026-08-21
HUBB,Hubbell,2B_主升段,44.7,469.76,565.5,403.82,16.9,16.3,,17.1,True,2026-08-18
TER,"Teradyne, Inc.",1轉2_轉強觀察,44.4,383.15,487.91,106.3,21.5,260.4,23.2,261.0,True,2026-08-21
ICE,Intercontinental Exchange,2B_主升段,43.4,157.24,189.35,121.79,17.0,29.1,,,True,2026-08-19
LMT,Lockheed Martin,41_弱勢打底,43.1,571.95,692.0,437.25,17.3,30.8,-8,,True,2026-08-21
MRNA,Moderna,2B_主升段,42.7,145.0,176.66,22.28,17.9,550.8,,,True,2026-08-21
WDC,Western Digital,3_做頭疑慮,40.0,459.44,799.87,66.04,42.6,595.7,,509,True,2026-08-21
DASH,DoorDash,41_弱勢打底,39.4,222.86,285.5,143.3,21.9,55.5,,,True,2026-08-21
BX,Blackstone,41_弱勢打底,37.3,143.38,190.09,101.73,24.6,40.9,,,True,2026-08-21
RDW,Redwire,41_弱勢打底,37.0,11.83,26.64,4.87,55.6,142.9,,,True,2026-08-06
MNDY,monday.com Ltd.,41_弱勢打底,35.8,88.16,220.8,57.5,60.1,53.3,21.8,-49.3,False,2026-08-21
COST,Costco,41_弱勢打底,33.2,947.74,1096.5,844.06,13.6,12.3,17.2,-4.7,False,2026-08-21
REGN,Regeneron,41_弱勢打底,32.0,826.64,826.64,541.0,0.0,52.8,,,False,2026-08-20
LQDA,Liquidia,3_做頭疑慮,30.7,71.05,93.61,21.15,24.1,235.9,,159.8,True,2026-08-20
RDDT,"Reddit, Inc.",41_弱勢打底,30.1,150.31,282.95,119.27,46.9,26.0,11.4,-43.8,False,2026-08-21
TJX,TJX Companies,41_弱勢打底,30.1,141.01,170.0,134.74,17.1,4.7,21.3,19.37,False,2026-08-21
AXTI,AXT,3_做頭疑慮,30.0,81.07,143.16,2.07,43.4,3816.4,,5100,True,2026-08-20
GLW,Corning,3_做頭疑慮,30.0,151.45,271.78,63.37,44.3,139.0,,257,True,2026-08-20
BOOT,Boot Barn,41_弱勢打底,27.9,177.55,210.25,133.18,15.6,33.3,-4.5,-3.07,False,2026-08-20
SMR,NuScale Power Corporation,41_弱勢打底,27.5,9.19,57.42,7.21,84.0,27.5,-36.3,-75.4,False,2026-08-21
QCOM,QUALCOMM Incorporated,41_弱勢打底,26.4,162.2,259.92,121.99,37.6,33.0,13.1,2.0,False,2026-08-21
BA,Boeing,41_弱勢打底,26.2,215.13,254.35,176.77,15.4,21.7,5.9,-5.7,False,2026-08-21
ZS,"Zscaler, Inc.",41_弱勢打底,25.6,178.24,336.99,114.625,47.1,55.5,3.9,-37.0,False,2026-08-21
SOUN,"SoundHound AI, Inc.",41_弱勢打底,25.4,7.26,22.17,5.65,67.3,28.5,-2.6,-54.5,False,2026-08-21
OUST,Ouster's Q2 2026 revenue rose ,41_弱勢打底,24.7,49.83,63.79,16.4,21.9,203.8,5.6,5.6,False,2026-08-21
AXP,American Express,41_弱勢打底,24.6,342.31,387.49,290.97,11.7,17.6,,10.57,False,2026-08-21
AI,"C3.ai, Inc.",41_弱勢打底,24.0,10.33,20.22,7.68,48.9,34.5,-3.8,-40.3,False,2026-08-21
COIN,Coinbase,41_弱勢打底,24.0,185.21,402.16,139.11,53.9,33.1,,-40,False,2026-08-21
CBRS,Cerebras Systems Inc.,41_弱勢打底,23.4,209.85,386.34,160.81,45.7,30.5,-33.8,-33.8,False,2026-08-21
AVGO,Broadcom Inc.,41_弱勢打底,23.3,368.45,495,281.87,25.6,30.7,10.9,21.2,False,2026-08-21
ETR,Entergy,41_弱勢打底,22.9,105,118.45,80.11,11.4,31.1,,,False,2026-08-21
SPOT,Spotify,41_弱勢打底,22.4,533.72,745.0,405.0,28.4,31.8,-8,-23.5,False,2026-08-21
APP,AppLovin Corporation,41_弱勢打底,21.5,308.77,745.61,213.18,58.6,44.8,-9.4,-15.4,False,2026-08-20
HOOD,Robinhood,41_弱勢打底,21.2,107.53,153.83,63.52,30.1,69.3,,-12,False,2026-08-21
CRWV,"CoreWeave, Inc. Class A Common Stock",41_弱勢打底,21.1,88.28,153.2,60.55,42.4,45.8,-6.9,-11.2,False,2026-08-21
BBAI,"BigBear.ai Holdings, Inc.",41_弱勢打底,20.4,3.04,9.39,2.59,67.6,17.4,-27.1,-54.0,False,2026-08-20
CDNS,"Cadence Design Systems, Inc.",41_弱勢打底,19.7,319.31,416.69,262.75,23.4,21.5,4.8,-10.2,False,2026-08-21
ORCL,Oracle Corporation,41_弱勢打底,19.3,142.07,345.72,114.5,58.9,24.1,-9.1,-43.1,False,2026-08-20
OKLO,Oklo Inc.,41_弱勢打底,19.2,42.09,193.84,36.61,78.3,15.0,-37.4,-42.5,False,2026-08-21
LULU,Lululemon,41_弱勢打底,18.9,120.14,225.98,104.44,46.8,15.0,,-39.4,False,2026-08-21
NFLX,Netflix,41_弱勢打底,18.8,80.0,126.71,65.08,36.9,22.9,-23,-37.5,False,2026-08-21
SNPS,"Synopsys, Inc.",41_弱勢打底,18.6,400.02,624.82,366,36.0,9.3,-9.6,-36.4,False,2026-08-20
CME,CME Group,41_弱勢打底,18.6,270.87,329.16,218.31,17.7,24.1,,22.6,False,2026-08-20
NEE,NextEra Energy,41_弱勢打底,18.3,83.65,98.75,69.24,15.3,20.8,,44.4,False,2026-08-21
VST,Vistra Corp.,41_弱勢打底,18.1,138.94,219.81,132.66,36.8,4.7,-20.0,-31.3,False,2026-08-21
META,"Meta Platforms, Inc.",41_弱勢打底,17.9,545.83,790.8,520.26,31.0,4.9,-15.0,-28.7,False,2026-08-21
MCHP,Microchip,41_弱勢打底,17.4,75.81,105.91,48.52,28.4,56.2,-12.6,25.7,False,2026-08-21
ISRG,Intuitive Surgical,41_弱勢打底,17.1,397.72,603.88,328.57,34.1,21.0,,-21.14,False,2026-08-21
TLN,Talen Energy Corporation,41_弱勢打底,16.9,308.77,451.28,301.45,31.6,2.4,-18.4,-18.7,False,2026-08-20
CEG,Constellation Energy Corporation,41_弱勢打底,16.7,270,412.7,228.63,34.6,18.1,-6.5,-16.7,False,2026-08-21
TPR,Tapestry,41_弱勢打底,16.2,132.26,164.8,92.62,19.7,42.8,,80.47,False,2026-08-18
FN,Fabrinet,41_弱勢打底,16.0,445.6,748.89,272.49,40.5,63.5,-12.3,39.8,False,2026-08-20
CLS,Celestica Inc.,41_弱勢打底,15.7,297.23,474.03,173.23,37.3,71.6,2.3,55.0,False,2026-08-21
MOD,Modine Manufacturing Company,41_弱勢打底,15.7,195.35,323.25,111.18,39.6,75.7,-8.3,43.4,False,2026-08-21
TSLA,"Tesla, Inc.",41_弱勢打底,14.2,362.86,498.83,297.38,27.3,22.0,-10.5,8.1,False,2026-08-21
HII,Huntington Ingalls,41_弱勢打底,13.2,305.0,460.0,256.45,33.7,18.9,,18.5,False,2026-08-21
GPS,Gap,41_弱勢打底,13.0,20.73,30.75,17.51,32.6,18.4,,20.4,False,2026-08-21
CCJ,Cameco,41_弱勢打底,12.6,102.51,135.24,68.96,24.2,48.7,,,False,2026-08-21
CAT,Caterpillar,3_做頭疑慮,12.4,842.19,1073.46,405.46,21.5,107.7,,103.9,False,2026-08-21
AEO,American Eagle,41_弱勢打底,12.0,16.35,28.46,10.29,42.6,58.9,,,False,2026-08-18
VCYT,Veracyte,41_弱勢打底,12.0,41.25,60.91,28.25,32.3,46.0,,,False,2026-08-16
IREN,IREN Limited,3_做頭疑慮,10.1,44.33,76.86,17.22,42.3,157.4,5.2,124.6,False,2026-08-21
APLD,Applied Digital Corp.,3_做頭疑慮,8.6,28.65,50.73,12.35,43.5,132.0,-19.0,114.0,False,2026-08-21
OLN,Olin,41_弱勢打底,7.0,18.92,30.46,17.74,37.9,6.7,,,False,2026-08-19
NKE,Nike,41_弱勢打底,7.0,40.35,80.17,38.86,49.7,3.8,,,False,2026-08-21
BIRK,Birkenstock,41_弱勢打底,7.0,33.45,53.53,31.12,37.5,7.5,,,False,2026-08-21
